"","X","ID_PROV","ANEMIA","se","CV","var","ID_DEP","lasso","gb","mrp","ebma","direct_model_lasso","direct_minus_lasso","direct_minus_gb","direct_model_gb","direct_minus_mrp","direct_model_mrp","direct_minus_ebma","direct_model_ebma","samp_size","log_samp"
"1",101,101,0.265793262057179,0.0204757567832006,7.70364027467172,0.000419256615844785,1,0.253961032874034,0.338291104000314,0.260992292089877,0.282638963899108,1.0465907271255,0.0118322291831455,-0.072497841943135,0.785693915430103,0.00480096996730206,1.01839506419465,-0.0168457018419288,0.94039851544339,568,6.34212141872115
"2",102,102,0.363964351392616,0.019492205382688,5.35552597613094,0.000379946070680892,1,0.394217617571452,0.468276893114585,0.396464866351624,0.370179474978755,0.923257447586414,-0.0302532661788359,-0.104312541721969,0.777241748940099,-0.0325005149590081,0.918024224294862,-0.00621512358613935,0.983210512720901,689,6.53524127101366
"3",103,103,0.205048340326289,0.0307142430156451,14.9790254175041,0.000943364724024102,1,0.244192733952749,0.324237568346757,0.246281721254451,0.251441522856774,0.83969877812157,-0.0391443936264599,-0.119189228020468,0.632401548567621,-0.0412333809281624,0.832576365317988,-0.0463931825304853,0.815491164691554,205,5.32300997913841
"4",104,104,0.524793423200611,0.0260893391261242,4.9713540552796,0.000680653616037915,1,0.529081712365195,0.518114448436235,0.535860340403047,0.463546169479483,0.991894845230212,-0.00428828916458446,0.0066789747643764,1.01289092551759,-0.0110669172024361,0.979347385189745,0.0612472537211277,1.13212762342509,444,6.09582456243222
"5",105,105,0.284890868825371,0.0218100054924272,7.65556494750137,0.000475676339579704,1,0.308584910819554,0.36322786923202,0.311424466534465,0.327605752970795,0.923217107630912,-0.0236940419941825,-0.0783370004066494,0.784330975009492,-0.0265335977090937,0.914799251310085,-0.0427148841454243,0.869614975445098,492,6.19847871649231
"6",106,106,0.284016809885282,0.0284946603825939,10.0327372855512,0.000811945670319365,1,0.32383367248679,0.377041611581746,0.335281791466772,0.33096134907921,0.87704532917857,-0.0398168626015082,-0.0930248016964642,0.753277095050037,-0.0512649815814901,0.847098819899468,-0.0469445391939282,0.858157034576588,292,5.67675380226828
"7",107,107,0.315052934909288,0.0163350421060267,5.18485635143502,0.000266833600605664,1,0.307027304591975,0.381996369048225,0.311059169297152,0.329362871883072,1.02613979342319,0.00802563031731335,-0.0669434341389374,0.824753742278409,0.00399376561213571,1.0128392473405,-0.0143099369737842,0.956552671246854,932,6.83733281468559
"8",201,201,0.295684828013143,0.0253949725609542,8.58852743023577,0.000644904631371618,2,0.258087625555322,0.269738155261398,0.253466944435963,0.263262382879855,1.14567611436977,0.0375972024578205,0.0259466727517447,1.09619207459397,0.0422178835771801,1.16656169375903,0.0324224451332876,1.12315639165237,390,5.96614673912369
"9",202,202,0.288320504395899,0.0836615637951516,29.0168623180106,0.00699925725665022,2,0.365776855496395,0.453261377087376,0.357826355537322,0.36802887400392,0.788241519558748,-0.0774563511004962,-0.164940872691477,0.6361020792211,-0.0695058511414225,0.805755361320295,-0.0797083696080206,0.783418162980409,40,3.68887945411394
"10",203,203,0.673543006848565,0.102234757757921,15.1786532884168,0.0104519456938208,2,0.474459790580479,0.47400472698182,0.496537005477404,0.474623005081747,1.41959976423823,0.199083216268087,0.199538279866745,1.42096263709707,0.177006001371161,1.3564809861472,0.198920001766818,1.41911158885473,22,3.09104245335832
"11",204,204,0.0998892288081564,0.0944183025295004,94.5230067906888,0.00891481585255225,2,0.31865769503954,0.364833166262708,0.293160666514772,0.349974445656109,0.313468748324944,-0.218768466231384,-0.264943937454551,0.273794265558161,-0.193271437706616,0.340732029285119,-0.250085216847953,0.285418635697502,12,2.484906649788
"12",205,205,0.120900744429743,0.0660287382639127,54.6140047154822,0.00435979427672429,2,0.341543390887959,0.39437592106259,0.29837861532829,0.367889704639497,0.353983557156296,-0.220642646458216,-0.273475176632847,0.306562185906262,-0.177477870898547,0.405192390536173,-0.246988960209754,0.328633128095325,27,3.29583686600433
"13",206,206,0.387398704335167,0.040499939521643,10.4543301431911,0.00164024510125674,2,0.369308097269786,0.308638342972792,0.377482539734064,0.34263547482237,1.04898513517337,0.0180906070653806,0.0787603613623754,1.25518657404572,0.00991616460110317,1.02626920071082,0.0447632295127974,1.13064388483418,168,5.12396397940326
"14",207,207,0.6035794382339,0.0942337936265424,15.6124923510109,0.00888000786124978,2,0.441622085909974,0.407217111849858,0.465846537403108,0.433289204688159,1.36673290918005,0.161957352323926,0.196362326384042,1.48220548859558,0.137732900830792,1.2956615317967,0.170290233545741,1.3930174850959,29,3.36729582998647
"15",208,208,0.277093248379923,0.0383801837552112,13.850999250111,0.00147303850508378,2,0.319816847941102,0.27999612654422,0.315241491583758,0.302976549539135,0.866412292422296,-0.0427235995611789,-0.00290287816429735,0.98963243456213,-0.0381482432038348,0.878987239236244,-0.0258833011592125,0.914569952035614,148,4.99721227376411
"16",210,210,0.426381436468577,0.029294749069083,6.87054983249533,0.000858182323020541,2,0.390712314791749,0.351138163829828,0.392973299557741,0.379997450410346,1.09129254524736,0.0356691216768277,0.0752432726387487,1.21428394970822,0.0334081369108361,1.08501375780094,0.0463839860582311,1.12206394018734,329,5.79605775076537
"17",211,211,0.278608491782045,0.0502575424591363,18.0387690761604,0.00252582057403188,2,0.309564594173738,0.298717650024351,0.303503740855638,0.313575644101161,0.900001153315618,-0.0309561023916926,-0.0201091582423059,0.932681720545583,-0.0248952490735934,0.91797383121734,-0.0349671523191158,0.88848894046173,84,4.43081679884331
"18",212,212,0.283384001594984,0.0459783698978623,16.2247585040369,0.00211401049846465,2,0.348012057112262,0.311424265693069,0.346079087984733,0.338738943356461,0.814293630934661,-0.0646280555172775,-0.0280402640980854,0.909961209876558,-0.0626950863897494,0.818841737145022,-0.0553549417614767,0.836585244043742,117,4.76217393479776
"19",213,213,0.34315271407966,0.062372766436503,18.1763873276618,0.00389036199294255,2,0.418565561122279,0.37471247328615,0.401621153893346,0.402320142294116,0.819830263052655,-0.0754128470426188,-0.0315597592064896,0.915776064432238,-0.0584684398136857,0.854418923787036,-0.0591674282144559,0.852934461901235,68,4.21950770517611
"20",214,214,0.367153975517641,0.13280931195112,36.1726471200198,0.01763831334093,2,0.372809193839891,0.431630663476076,0.363445314836517,0.388544026292768,0.984830797051966,-0.00565521832225013,-0.0644766879584351,0.850620696316658,0.00370866068112385,1.01020417798697,-0.0213900507751271,0.944948192926251,14,2.63905732961526
"21",215,215,0.3633965236171,0.0773131145803599,21.2751387412342,0.00597731768611586,2,0.487355976668217,0.430949485917549,0.485952951001819,0.445426821685449,0.74564905534029,-0.123959453051117,-0.067552962300449,0.843246216765708,-0.122556427384719,0.747801866143498,-0.0820302980683491,0.815838889634093,44,3.78418963391826
"22",216,216,0.450012414692255,0.0574303883815954,12.7619564497725,0.00329824950966088,2,0.424864983268897,0.366206597943236,0.43930773358814,0.393794782944826,1.05918923049359,0.0251474314233581,0.0838058167490187,1.22884846209682,0.0107046811041145,1.02436715833951,0.0562176317474295,1.14275870118702,86,4.45434729625351
"23",217,217,0.395931924241001,0.0727847374529279,18.383144423743,0.00529761800609164,2,0.358631842532147,0.363733336556479,0.359041133995395,0.362920589113812,1.10400660868676,0.0373000817088537,0.0321985876845218,1.08852250934531,0.0368907902456064,1.10274808859667,0.0330113351271891,1.09096021586374,58,4.06044301054642
"24",218,218,0.259650787461876,0.0135191614570274,5.20667069381117,0.000182767726501177,2,0.274321406508556,0.257544611142899,0.269836011792091,0.264011569070412,0.946520327256261,-0.0146706190466799,0.00210617631897725,1.00817790871116,-0.010185224330215,0.962254021386653,-0.0043607816085362,0.98348261167535,1193,7.08422642209792
"25",219,219,0.326558833105098,0.0487519078064278,14.9289815078246,0.00237674851476643,2,0.422711246328806,0.367020887984035,0.410689851103479,0.388816793079263,0.772534054727005,-0.0961524132237078,-0.0404620548789368,0.889755443889894,-0.084131017998381,0.795147073217587,-0.0622579599741655,0.839878418107642,99,4.59511985013459
"26",220,220,0.47335653731063,0.0910812760735416,19.241579844026,0.00829579885118471,2,0.399877459305359,0.323542694999441,0.411045134260179,0.367005810789063,1.18375398836662,0.0734790780052708,0.149813842311189,1.46304195590461,0.0623114030504511,1.15159260591322,0.106350726521567,1.28977940783257,36,3.58351893845611
"27",301,301,0.326794082396592,0.019183105135398,5.87008950551244,0.000367991522635734,3,0.336435721955274,0.366435064111813,0.334626358164498,0.363587181232446,0.971341807871508,-0.0096416395586823,-0.0396409817152205,0.891819900447287,-0.00783227576790607,0.976593966444043,-0.0367930988358544,0.898805291454068,692,6.53958595561767
"28",302,302,0.37671523880311,0.0154742020778264,4.1076655478527,0.000239450929945407,3,0.382418778197304,0.414957827997479,0.379048269302242,0.391367109733222,0.985085618909512,-0.00570353939419355,-0.038242589194369,0.907839817412479,-0.00233303049913169,0.993845030598804,-0.0146518709301123,0.962562334530104,1139,7.03790596344718
"29",303,303,0.459271820319726,0.0443597845804915,9.65872117945536,0.00196779048802761,3,0.528738335774234,0.583574420062639,0.527461188200887,0.5235611747527,0.868618349087951,-0.0694665154545083,-0.124302599742913,0.78699786099334,-0.0681893678811613,0.870721544245278,-0.0642893544329745,0.877207559434977,144,4.969813299576
"30",304,304,0.36691872281828,0.0387799069520972,10.5690728056151,0.00150388118321332,3,0.406081159824194,0.512527409256102,0.39818954627353,0.427634505472043,0.903560073993907,-0.0391624370059137,-0.145608686437822,0.715900683927982,-0.03127082345525,0.921467492685584,-0.060715782653763,0.858019449139769,176,5.17048399503815
"31",305,305,0.600123667651449,0.0298613526309836,4.97586651562075,0.000891700380951951,3,0.568709376752919,0.430189418875514,0.58149156516733,0.464218845139831,1.05523786345478,0.0314142908985299,0.169934248775935,1.39502191667134,0.0186321024841192,1.03204191358951,0.135904822511618,1.29276024429961,314,5.74939298590825
"32",306,306,0.419307155594612,0.025127299971557,5.99257599978812,0.000631381203860607,3,0.441587131674351,0.456502708410016,0.440131312362757,0.442734829995004,0.949545685366192,-0.0222799760797385,-0.0371955528154042,0.918520630589564,-0.0208241567681451,0.952686491092045,-0.0234276744003921,0.947084184904412,443,6.09356977004514
"33",307,307,0.559569013580778,0.0450146220799469,8.04451658105417,0.00202631620100044,3,0.489228522350809,0.481890708590156,0.494880055597346,0.456697269530815,1.1437783939742,0.0703404912299689,0.0776783049906218,1.16119485934452,0.0646889579834317,1.1307164377545,0.102871744049963,1.22525149790286,139,4.93447393313069
"34",401,401,0.263234551688904,0.00990581611478002,3.7631139420052,9.81251928998355e-05,4,0.286462480887407,0.256946284077664,0.281474671998416,0.27773263635635,0.918914584812128,-0.0232279291985034,0.00628826761124035,1.02447308251144,-0.0182401203095116,0.935198004921685,-0.0144980846674462,0.947798411963208,2457,7.80669637252118
"35",402,402,0.293833885507328,0.0455514000827265,15.5024326088458,0.00207493004949662,4,0.324215431053852,0.288559139697861,0.31499710374982,0.310148714830371,0.90629210507418,-0.0303815455465236,0.00527474580946713,1.01827960055256,-0.021163218242492,0.932814562449754,-0.0163148293230429,0.947396753418869,117,4.76217393479776
"36",403,403,0.270192736614403,0.053595335266321,19.8359644814613,0.00287245996230936,4,0.351544815027552,0.361064522925254,0.340353874670622,0.35058156157472,0.768586891526836,-0.0813520784131492,-0.0908717863108505,0.748322583524323,-0.0701611380562186,0.793858265535783,-0.0803888249603169,0.770698651123489,84,4.43081679884331
"37",404,404,0.443063287676999,0.06186064972245,13.9620346444834,0.00382673998408365,4,0.388207077660108,0.352318579435371,0.39457791101941,0.392023095415712,1.14130656851373,0.0548562100168912,0.0907447082416284,1.25756435663159,0.0484853766575887,1.12287909511286,0.0510401922612874,1.13019690130033,75,4.31748811353631
"38",405,405,0.43467323149808,0.0335416768790692,7.71652690998924,0.00112504408785988,4,0.414669707174013,0.316282744282735,0.418101411044576,0.382504646185003,1.04823965671472,0.0200035243240675,0.118390487215345,1.37431851517487,0.0165718204535036,1.03963588740851,0.0521685853130766,1.13638680165951,257,5.54907608489522
"39",406,406,0.376879424062524,0.11230145387112,29.7977142558172,0.0126116165415674,4,0.396483319363952,0.399405064779578,0.405211380987449,0.385104027662963,0.950555560993392,-0.0196038953014284,-0.0225256407170543,0.943602015338775,-0.0283319569249247,0.930081043489244,-0.00822460360043875,0.978643163899504,22,3.09104245335832
"40",407,407,0.235542277309941,0.0445120133179585,18.8976746876684,0.00198131932961811,4,0.27095159748426,0.298827062910774,0.253060948429511,0.309880523072811,0.869314960667926,-0.0354093201743187,-0.0632847856008333,0.788222709869724,-0.0175186711195701,0.930772917637864,-0.0743382457628702,0.760106750092831,118,4.77068462446567
"41",408,408,0.340448376027815,0.103778303229493,30.4828310360377,0.0107699362211926,4,0.497521050433314,0.508342171031573,0.496264497646231,0.49825850780776,0.684289389828436,-0.157072674405499,-0.167893795003758,0.669722866660752,-0.155816121618416,0.686022025840156,-0.157810131779945,0.683276593761984,25,3.2188758248682
"42",501,501,0.374823056078011,0.0144758655774824,3.8620531322037,0.000209550684217341,5,0.32621136101377,0.318170418470917,0.33064400100031,0.33841100193989,1.14901901305083,0.0486116950642408,0.0566526376070939,1.17805752615016,0.044179055077701,1.13361517204015,0.0364120541381207,1.10759713463627,1402,7.24565506759454
"43",502,502,0.33020600206007,0.0371935556730492,11.2637430697832,0.00138336058360421,5,0.382093338247426,0.382030507997775,0.379856181660641,0.373547853432851,0.864202457898503,-0.0518873361873564,-0.0518245059377047,0.864344588055762,-0.0496501796005706,0.869292163724934,-0.0433418513727811,0.883972425555452,182,5.2040066870768
"44",503,503,0.439033253994365,0.0524341230695806,11.9430869057253,0.00274933726207592,5,0.423894742032363,0.464762014448767,0.434623589838129,0.434531821792625,1.03571290337177,0.0151385119620019,-0.0257287604544021,0.944640999792296,0.00440966415623645,1.01014593836906,0.00450143220174049,1.01035926939291,97,4.57471097850338
"45",504,504,0.351737981055389,0.0208776643926398,5.93557293130425,0.000435876870491698,5,0.350055428128756,0.361440894779092,0.351707761143945,0.362391717709284,1.00480653288431,0.00168255292663266,-0.00970291372370319,0.973154908966144,3.02199114438628e-05,1.00008592335678,-0.0106537366538955,0.970601600055214,585,6.37161184723186
"46",505,505,0.316869439181057,0.025513605074497,8.05177209276995,0.000650944043897398,5,0.340102475702535,0.392820980481899,0.336636383844411,0.367055641518661,0.93168812878093,-0.0232330365214785,-0.0759515413008424,0.806651006248017,-0.0197669446633541,0.941281021268069,-0.0501862023376037,0.863273583999519,396,5.98141421125448
"47",506,506,0.430146418614131,0.0342059148943764,7.95215615291716,0.00117004461376132,5,0.421813962777163,0.47238318616135,0.428299785909405,0.422513789939855,1.01975386443376,0.00833245583696762,-0.0422367675472195,0.910587910864395,0.00184663270472613,1.00431154244172,0.007632628674276,1.01806480369638,268,5.59098698051086
"48",507,507,0.405434171845756,0.0356265422716477,8.78725690768896,0.0012692505142335,5,0.36936754363355,0.426963084640261,0.380840425005806,0.410975838535758,1.09764428097123,0.0360666282122059,-0.0215289127945046,0.949576641239034,0.0245937468399497,1.06457756379086,-0.00554166669000239,0.986515833364447,224,5.41164605185504
"49",508,508,0.414785934290166,0.0711085212562584,17.1434263743654,0.00505642179525175,5,0.386412628301072,0.491563699557569,0.388363787354517,0.408994058187145,1.07342748117173,0.0283733059890938,-0.0767777652674033,0.843809123138045,0.0264221469356494,1.06803452792454,0.00579187610302073,1.0141612719967,53,3.97029191355212
"50",509,509,0.386654125898205,0.0732667470892731,18.9489112314715,0.00536801622904351,5,0.415256421780676,0.501671913824967,0.420579856873704,0.439091773219703,0.931121364096382,-0.0286022958824705,-0.115017787926762,0.770731059967428,-0.0339257309754993,0.919335815966843,-0.0524376473214984,0.880577021662256,52,3.95124371858143
"51",510,510,0.441666549016222,0.0444883852018258,10.0728446156767,0.00197921641786603,5,0.431583776673577,0.429540725512765,0.43856041417511,0.438424553495833,1.02336225986148,0.0100827723426452,0.0121258235034574,1.0282297411706,0.00310613484111166,1.00708257001935,0.00324199552038862,1.00739464862207,142,4.95582705760126
"52",511,511,0.548197925826069,0.100761696314639,18.3805322070132,0.0101529194442036,5,0.410597883456135,0.429437377802132,0.420746056192137,0.434675717797457,1.3351211682138,0.137600042369934,0.118760548023937,1.27654916447133,0.127451869633932,1.30291875053424,0.113522208028612,1.26116528570733,25,3.2188758248682
"53",601,601,0.23145481425191,0.0169099188180372,7.30592658990141,0.000285945354432608,6,0.21053448461678,0.342026628551285,0.212070976472093,0.270903248185153,1.09936771010796,0.0209203296351296,-0.110571814299375,0.67671577278143,0.0193838377798173,1.09140259597177,-0.0394484339332429,0.854381834852415,726,6.5875500148248
"54",602,602,0.316588943430092,0.0303493746133436,9.58636593069941,0.000921084539421063,6,0.289066303290715,0.341427751342043,0.291744203222605,0.309275945395513,1.09521220504106,0.0275226401393773,-0.0248388079119515,0.927250178656193,0.0248447402074873,1.08515932770232,0.00731299803457908,1.02364554419267,265,5.57972982598622
"55",603,603,0.212084173792793,0.0354882441567728,16.733093998539,0.00125941547333072,6,0.233390952834019,0.310879610145797,0.231656049997189,0.246381144628881,0.908707776447621,-0.021306779041226,-0.0987954363530041,0.682206767093311,-0.0195718762043955,0.915513209326357,-0.0342969708360883,0.860797095947626,175,5.16478597392351
"56",604,604,0.228613728197033,0.0257223991953028,11.2514674416812,0.000661641820362516,6,0.213350274184713,0.258717414322416,0.210345809698198,0.23532612593243,1.07154175953439,0.0152634540123198,-0.0301036861253831,0.883642598221596,0.0182679184988352,1.08684707589396,-0.00671239773539689,0.971476189867145,316,5.75574221358691
"57",605,605,0.10945550212765,0.0523615482521173,47.8382056948147,0.00274173173535881,6,0.212197025544733,0.371116304292335,0.209602152246539,0.26210958828161,0.515820152740906,-0.102741523417083,-0.261660802164685,0.294935848578159,-0.100146650118889,0.522206002917881,-0.15265408615396,0.417594422414076,36,3.58351893845611
"58",606,606,0.222895700461139,0.0248744621053542,11.1596868193924,0.000618738865030703,6,0.218916926208222,0.267235426767055,0.215734315190134,0.239757465311383,1.01817481325831,0.00397877425291726,-0.0443397263059163,0.834079909081192,0.00716138527100468,1.03319539251182,-0.0168617648502445,0.929671575279855,333,5.80814248998044
"59",607,607,0.200863565044575,0.0367827922658881,18.3123267067999,0.00135297380687548,6,0.20488272042168,0.321572039120341,0.201095465426515,0.251371882213948,0.980383141297454,-0.00401915537710537,-0.120708474075766,0.624630069187721,-0.000231900381939737,0.998846814464723,-0.0505083171693726,0.799069344094802,139,4.93447393313069
"60",608,608,0.217510416434832,0.021832883172861,10.0376264873744,0.000476674787639797,6,0.21850008797628,0.318244332943205,0.218205453659998,0.258019952668293,0.995470612617989,-0.000989671541448134,-0.100733916508373,0.683469881217491,-0.000695037225165729,0.996814757772972,-0.0405095362334613,0.842998435529753,421,6.04263283368238
"61",609,609,0.310221144346091,0.0318698394464374,10.2732647426774,0.0010156866663417,6,0.27073049964934,0.33449499217353,0.270297697298651,0.299607086796668,1.14586699595317,0.0394906446967508,-0.0242738478274388,0.927431356536286,0.0399234470474404,1.14770176529965,0.0106140575494225,1.03542659041515,241,5.48479693349065
"62",610,610,0.367030537429788,0.0461464930506439,12.5729301364935,0.00212949882087313,6,0.322572630171718,0.298825232446623,0.336583547287872,0.301775127263041,1.13782293691316,0.0444579072580701,0.0682053049831646,1.22824479855578,0.0304469901419155,1.09045893772067,0.0652554101667467,1.21623853085104,121,4.79579054559674
"63",611,611,0.119604720936455,0.0300929252532861,25.1603155942935,0.000905584150299867,6,0.185798186170489,0.343393078004469,0.172558385015591,0.238979248759766,0.643734599360973,-0.0661934652340337,-0.223788357068014,0.348302655462666,-0.0529536640791355,0.693126102945671,-0.119374527823311,0.50048161736707,135,4.90527477843843
"64",612,612,0.230892737789539,0.0546053724405066,23.6496708225963,0.00298174669936643,6,0.232942136163073,0.353138453477013,0.230120053672405,0.249319679860295,0.991202113935715,-0.0020493983735338,-0.122245715687474,0.653830630779972,0.00077268411713427,1.00335774351172,-0.0184269420707563,0.926091104877554,74,4.30406509320417
"65",613,613,0.170880082232091,0.0458378931157564,26.8245968266207,0.0021011124452915,6,0.216753601524221,0.328062266316538,0.211308436347277,0.254690368832178,0.788360982380246,-0.0458735192921298,-0.157182184084447,0.520876979089127,-0.0404283541151861,0.808676100140443,-0.0838102866000867,0.670932642705027,73,4.29045944114839
"66",701,701,0.290649133134988,0.00866444266047111,2.98106605962146,7.50725666165917e-05,7,0.295225760882023,0.2483570967844,0.292811251401319,0.280576549219492,0.984497871278706,-0.00457662774703516,0.042292036350588,1.17028720700219,-0.002162118266331,0.992616000047868,0.0100725839154963,1.03589959297566,3328,8.1101268019411
"67",801,801,0.455694488351848,0.0185334615531351,4.06708047318429,0.000343489197141536,8,0.400922315576274,0.386004291859215,0.406150216819794,0.415434178564037,1.13661542560146,0.0547721727755738,0.0696901964926332,1.18054254308149,0.0495442715320542,1.12198509191991,0.0402603097878111,1.09691140465855,885,6.78558764500793
"68",802,802,0.560080376452311,0.0672853882422387,12.0135236068154,0.00452732347090879,8,0.54162014861607,0.549289087830264,0.5438641082963,0.542129174065867,1.03408334768086,0.0184602278362408,0.0107912886220471,1.01964591844465,0.0162162681560111,1.02981676471869,0.0179512023864439,1.03311240797431,62,4.12713438504509
"69",803,803,0.502861691131274,0.0398194734717802,7.91857367026696,0.00158559046756981,8,0.46611501582862,0.411453769807364,0.4674524122671,0.462031103465573,1.07883606846977,0.0367466753026537,0.0914079213239101,1.2221584246675,0.0354092788641741,1.07574948365854,0.0408305876657011,1.08837194586997,175,5.16478597392351
"70",804,804,0.439433729173062,0.0460628591342226,10.4823221514891,0.00212178699161924,8,0.457052366063263,0.449437919697836,0.452569674821546,0.445424130012548,0.961451601176565,-0.0176186368902013,-0.0100041905247741,0.977740662088548,-0.0131359456484843,0.97097475509453,-0.00599040083948577,0.986551243105494,167,5.11799381241676
"71",805,805,0.525480434352941,0.0701384666216422,13.3474934624366,0.00491940450003521,8,0.541030049322428,0.3863645110893,0.543349088486984,0.512793539631323,0.971259239687405,-0.0155496149694873,0.139115923263641,1.36006392738149,-0.0178686541340435,0.96711386010824,0.0126868947216179,1.02474074601396,65,4.17438726989564
"72",806,806,0.580357718719314,0.0413774734307324,7.12964988594292,0.00171209530751097,8,0.522568250658345,0.406044725023431,0.529498483242143,0.50120701077374,1.11058740745953,0.0577894680609692,0.174312993695883,1.429295057794,0.0508592354771713,1.09605171135856,0.0791507079455743,1.15792019314212,171,5.14166355650266
"73",807,807,0.604566593215074,0.0443289865236944,7.33235792734654,0.00196505904621788,8,0.568586263792425,0.41547325584643,0.570816612682501,0.530691271198534,1.06328033530508,0.0359803294226486,0.189093337368644,1.45512757971246,0.0337499805325727,1.05912578537959,0.0738753220165398,1.13920583590851,144,4.969813299576
"74",808,808,0.599250460785087,0.0391753993917429,6.53739996134815,0.00153471191750257,8,0.551927391920288,0.426684350668709,0.560077412095443,0.527053267676278,1.0857414753418,0.0473230688647995,0.172566110116378,1.40443505801403,0.0391730486896438,1.06994220413761,0.0721971931088088,1.13698272553573,180,5.19295685089021
"75",809,809,0.335251105947933,0.0254178130839181,7.58172385801633,0.000646065221968996,8,0.374441486512272,0.372414189044579,0.36614188268761,0.438723236869575,0.895336435795678,-0.0391903805643388,-0.0371630830966463,0.900210345926971,-0.0308907767396769,0.91563167667974,-0.103472130921642,0.764151696956042,429,6.06145691892802
"76",810,810,0.561972205508743,0.068549676636527,12.1980546305614,0.00469905816697241,8,0.547947670816891,0.517970254035939,0.554194474828399,0.532811509178078,1.02559466065609,0.0140245346918516,0.0440019514728041,1.08495073052931,0.00777773068034393,1.01403429848836,0.029160696330665,1.05472985442009,58,4.06044301054642
"77",811,811,0.555541496817967,0.040358638226105,7.26473872019847,0.00162881967946562,8,0.535494730161201,0.500315427344244,0.533936307142312,0.523117698163592,1.03743597374101,0.0200467666567663,0.0552260694737235,1.11038250362751,0.0216051896756553,1.04046398303814,0.0324237986543747,1.06198184226647,180,5.19295685089021
"78",812,812,0.524863485943002,0.0421474385188403,8.0301715870205,0.00177640657369942,8,0.518448498016363,0.494393263627702,0.518021367548752,0.509865448137104,1.01237343333269,0.00641498792663875,0.0304702223153001,1.06163154831787,0.0068421183942502,1.01320817793024,0.014998037805898,1.02941567792188,165,5.10594547390058
"79",813,813,0.309698009815633,0.0495469230935874,15.9984635106578,0.00245489758804187,8,0.39986630891129,0.445656503490338,0.388653025369975,0.426201388756137,0.774503885208141,-0.090168299095657,-0.135958493674705,0.694925368282766,-0.0789550155543418,0.796849605173712,-0.116503378940504,0.726647115626447,100,4.60517018598809
"80",901,901,0.509061067067417,0.0179789438531039,3.53178528396925,0.000323242422073061,9,0.427787652294986,0.376802876136071,0.42662099332583,0.404173618088272,1.18998541527886,0.0812734147724311,0.132258190931346,1.35100101222047,0.0824400737415875,1.19323960853146,0.104887448979145,1.25951087425067,889,6.7900972355139
"81",902,902,0.458249919221114,0.0309181140158645,6.74699824681168,0.000955929774297998,9,0.446538349897951,0.401715929373719,0.445470471961322,0.436295488639059,1.02622746585112,0.0117115693231628,0.0565339898473946,1.14073126235131,0.0127794472597921,1.02868752939679,0.0219544305820554,1.05032009533387,312,5.74300318780948
"82",903,903,0.471428851249916,0.025442403760658,5.39687032161941,0.000647315909120346,9,0.44088977680776,0.390252954769305,0.440859348822606,0.42937887338194,1.06926691442762,0.0305390744421558,0.081175896480611,1.20800840964445,0.0305695024273097,1.06934071492178,0.0420499778679757,1.0979321072245,471,6.15485809401642
"83",904,904,0.53769696808346,0.0543369262268357,10.1054923966768,0.00295250155178058,9,0.47289464139739,0.501188657783543,0.472436105692264,0.471783016361504,1.1370333283849,0.0648023266860697,0.0365083102999171,1.0728434487352,0.0652608623911964,1.13813690699099,0.0659139517219562,1.1397124301555,96,4.56434819146784
"84",905,905,0.406980430691002,0.0259117213071271,6.36682242021618,0.000671417301098225,9,0.428198432985447,0.508010845184441,0.424168136185899,0.428240985066981,0.950448201908375,-0.0212180022944452,-0.101030414493439,0.80112547704221,-0.0171877054948975,0.959479027233284,-0.0212605543759789,0.950353760809107,401,5.99396142730657
"85",906,906,0.44587615015334,0.0439682562493308,9.86109174805825,0.00193320755760682,9,0.441341110219373,0.498525056103928,0.437696928828573,0.4495345040862,1.01027558917345,0.0045350399339672,-0.0526489059505882,0.894390652373524,0.00817922132476684,1.01868695160064,-0.00365835393285963,0.991861906261687,144,4.969813299576
"86",907,907,0.398729800203501,0.0220271352127242,5.52432629853151,0.000485194685679633,9,0.40719376085537,0.415467588040472,0.405373471778832,0.411796717779079,0.979213923528471,-0.00846396065186933,-0.016737787836971,0.95971337279061,-0.00664367157533091,0.983610985824559,-0.0130669175755779,0.968268524222216,582,6.36647044773144
"87",1001,1001,0.251585588858254,0.0132536773407803,5.26805903347967,0.000175659963053512,10,0.271938898868873,0.356837452876286,0.27130694746662,0.295823771175794,0.925154841417399,-0.0203533100106186,-0.105251864018032,0.705042553213935,-0.0197213586083657,0.927309791391199,-0.0442381823175398,0.850457648681481,1227,7.11232744471091
"88",1002,1002,0.315295344250314,0.026839766604471,8.51257942558228,0.000720373071382477,10,0.333907155680593,0.394590079902016,0.333867898385208,0.346169234298242,0.944260519387962,-0.0186118114302791,-0.0792947356517019,0.799045288539965,-0.0185725541348944,0.944371548673224,-0.0308738900479277,0.910812726871827,364,5.89715386763674
"89",1003,1003,0.426842122925037,0.045010303589642,10.5449535489136,0.00202592742923174,10,0.421101824033839,0.452238387533318,0.430824355610464,0.425906649287657,1.01363161725639,0.00574029889119848,-0.0253962646082813,0.943843191315973,-0.00398223268542736,0.990756714114306,0.000935473637380002,1.0021964288159,139,4.93447393313069
"90",1004,1004,0.231798580057984,0.056600064124318,24.4177786206282,0.00320356725887691,10,0.349570268861272,0.360660746495182,0.338852147129888,0.348328101474152,0.66309580849959,-0.117771688803288,-0.128862166437198,0.64270531880874,-0.107053567071904,0.684069975714603,-0.116529521416168,0.665460464076813,59,4.07753744390572
"91",1005,1005,0.375251572982972,0.0241343171934407,6.43150327168272,0.000582465266393608,10,0.391872076710885,0.42105546926449,0.391137822514064,0.397443752403566,0.957586914925365,-0.0166205037279125,-0.0458038962815184,0.891216479478275,-0.0158862495310916,0.959384522240826,-0.0221921794205944,0.944162716645096,471,6.15485809401642
"92",1006,1006,0.300496446955829,0.0208951671033779,6.95354880733392,0.000436608008278085,10,0.295620635224268,0.369153284419572,0.298129330739231,0.327753816546392,1.01649347559199,0.0048758117315606,-0.068656837463743,0.814015368787268,0.00236711621659758,1.00793989712696,-0.0272573695905634,0.916835843811737,598,6.39359075395063
"93",1007,1007,0.417090966003118,0.0449412324833082,10.7749234930618,0.00201971437711875,10,0.373635918346479,0.42948411508543,0.377391320337486,0.400584532788658,1.11630318586325,0.0434550476566385,-0.012393149082312,0.971144103711852,0.0396996456656319,1.10519490917314,0.0165064332144599,1.04120586758443,137,4.91998092582813
"94",1008,1008,0.316666712053231,0.0296284153451991,9.35634034695084,0.00087784299586763,10,0.352112362789179,0.41552246308317,0.348001692429228,0.377660597269674,0.899334262349742,-0.0354456507359481,-0.0988557510299386,0.762092883507595,-0.0313349803759966,0.909957390846974,-0.0609938852164429,0.838495501894021,292,5.67675380226828
"95",1009,1009,0.453618018181942,0.0465637188397895,10.2649623633586,0.00216817991219096,10,0.408150915102369,0.456406515529092,0.415647024557532,0.419768384037714,1.11139777321869,0.0454671030795734,-0.0027884973471502,0.993890320904123,0.03797099362441,1.09135394067799,0.0338496341442277,1.08063883663327,128,4.85203026391962
"96",1010,1010,0.369984151192192,0.0767407417154246,20.7416294638958,0.0058891414390335,10,0.405938646665066,0.501928873183366,0.405554965679885,0.424099613488873,0.91142874479123,-0.0359544954728742,-0.131944721991174,0.737124662396197,-0.0355708144876933,0.91229101478745,-0.0541154622966807,0.872399170912943,56,4.02535169073515
"97",1011,1011,0.537976813341526,0.049950081979797,9.28480201024704,0.00249501068978844,10,0.456070440921225,0.513277943535674,0.462778444848861,0.471223621929093,1.17959149524108,0.0819063724203007,0.0246988698058516,1.04811987368036,0.0751983684926655,1.16249323910759,0.0667531914124331,1.14165926389505,121,4.79579054559674
"98",1101,1101,0.309253662313488,0.0133046304245592,4.3021739257763,0.000177013190734105,11,0.299459856369916,0.22003640631831,0.29824684325077,0.276335367345072,1.03270490429767,0.0097938059435721,0.0892172559951779,1.40546588397792,0.011006819062718,1.03690506475357,0.0329182949684162,1.1191244366752,1376,7.22693601849329
"99",1102,1102,0.298631363460167,0.0155296373063957,5.20027003408407,0.000241169634868198,11,0.316517348154313,0.237463798287492,0.309039010233212,0.290892909505486,0.943491297401413,-0.0178859846941456,0.0611675651726752,1.25758690635707,-0.010407646773045,0.9663225469005,0.00773845395468098,1.02660241519065,1025,6.93244789157251
"100",1103,1103,0.317456455774132,0.0258826380121303,8.15313015103577,0.000669910950466971,11,0.310666516562011,0.227019119916539,0.307208666319029,0.290822971772439,1.021856038067,0.00678993921212134,0.0904373358575928,1.39836880651657,0.0102477894551026,1.03335774858793,0.026633484001693,1.09157971201303,369,5.91079664404053
"101",1104,1104,0.240215887490761,0.0564057220968695,23.4812620789035,0.00318160548526928,11,0.319175145189427,0.278624618981193,0.299337546759077,0.304196963898794,0.752614641557366,-0.0789592576986662,-0.0384087314904323,0.862148823636346,-0.0591216592683163,0.802491668992328,-0.0639810764080334,0.789672205836611,64,4.15888308335967
"102",1105,1105,0.339579720101081,0.020585389459714,6.06201967938088,0.000423758259208104,11,0.31059582678194,0.226226012965978,0.305025526976703,0.299951133980621,1.09331707260668,0.0289838933191409,0.113353707135103,1.50106398308912,0.0345541931243776,1.1132829552558,0.0396285861204596,1.13211680714306,636,6.45519856334012
"103",1201,1201,0.437933210169142,0.0151796335337033,3.46619831088867,0.000230421274217531,12,0.380945065594974,0.33767148330077,0.382416961423613,0.370067823813708,1.14959675218568,0.0569881445741677,0.100261726868372,1.29692091819038,0.055516248745529,1.14517203562013,0.067865386355434,1.1833863470108,1339,7.19967834569117
"104",1202,1202,0.449837606704566,0.0669171415623536,14.875844207997,0.00447790383487607,12,0.445779559600297,0.409309384083102,0.447641475010288,0.416063279631944,1.00910325970959,0.00405804710426866,0.0405282226214644,1.09901610907908,0.00219613169427807,1.00490600584816,0.0337743270726222,1.08117593819503,64,4.15888308335967
"105",1203,1203,0.278736247842183,0.0245113125527406,8.79372982254487,0.00060080444305814,12,0.339637212288956,0.349421951300665,0.329856865945549,0.31886451198648,0.820688186561372,-0.0609009644467731,-0.070685703458482,0.797706746255162,-0.0511206181033665,0.845021815881179,-0.0401282641442973,0.874152617692374,370,5.91350300563827
"106",1204,1204,0.453445938848499,0.0324811429127997,7.16317870114433,0.00105502464492172,12,0.439162335911617,0.388349029424435,0.440153671285401,0.415427712352568,1.03252465379854,0.0142836029368818,0.0650969094240636,1.16762475116918,0.0132922675630979,1.03019915186503,0.0380182264959313,1.09151586513243,264,5.57594910314632
"107",1205,1205,0.605169647995009,0.0568521030954743,9.39440754899577,0.00323216162637843,12,0.498799082933358,0.410115027972119,0.51042253152175,0.463320849525471,1.21325332924853,0.106370565061651,0.19505462002289,1.47560954054127,0.0947471164732587,1.185624870812,0.141848798469538,1.30615673483034,83,4.4188406077966
"108",1206,1206,0.451217365017318,0.0233363577046746,5.17186604814709,0.000544585590920526,12,0.475274342089479,0.449601774812498,0.47070047940318,0.455444927431291,0.949382966969355,-0.024056977072161,0.00161559020482016,1.00359338039867,-0.019483114385862,0.958608254636652,-0.0042275624139726,0.990717730818046,536,6.2841341610708
"109",1207,1207,0.439478212708799,0.0299515748926519,6.81525819176342,0.000897096838550134,12,0.412104302493153,0.349152467220715,0.414375450756137,0.389987658207401,1.06642471347675,0.0273739102156455,0.0903257454880836,1.25870000635277,0.0251027619526617,1.06057975178514,0.0494905545013983,1.12690287361627,314,5.74939298590825
"110",1208,1208,0.505352554097449,0.0410260217714986,8.11829710542779,0.00168313446239547,12,0.437496555620906,0.434094300514996,0.445832554106852,0.374261361527779,1.15510064617592,0.0678559984765432,0.0712582535824528,1.16415385665722,0.0595199999905965,1.13350303705353,0.13109119256967,1.35026643422271,166,5.11198778835654
"111",1209,1209,0.503751788473439,0.0415703579399655,8.25215093844919,0.00172809465925685,12,0.451017753715428,0.387569021362386,0.453449809203652,0.416671697709542,1.11692230366453,0.0527340347580112,0.116182767111053,1.29977310029229,0.0503019792697868,1.11093174646633,0.087080090763897,1.20898969438668,180,5.19295685089021
"112",1301,1301,0.227977565901594,0.0116298147757246,5.10129789733107,0.000135252591717662,13,0.220850222687551,0.264075436670989,0.223464804871316,0.23196876507157,1.03227229353591,0.00712734321404301,-0.0360978707693947,0.863304701018561,0.00451276103027762,1.02019450460164,-0.00399119916997606,0.982794238833213,1568,7.35755620091035
"113",1302,1302,0.246248062627098,0.0297778592424704,12.092626810861,0.000886720901064379,13,0.253137173249501,0.296579936907032,0.254812521978904,0.276553458577492,0.972785069320447,-0.00688911062240313,-0.0503318742799344,0.830292383210967,-0.00856445935180558,0.966389173949173,-0.0303053959503944,0.890417584700346,240,5.48063892334199
"114",1303,1303,0.279944367149736,0.065018539077271,23.2255214631606,0.00422741042374261,13,0.409557522795409,0.45165672837301,0.417230143469624,0.406050535588385,0.683528812360699,-0.129613155645673,-0.171712361223274,0.619816665099115,-0.137285776319888,0.670959113408633,-0.126106168438649,0.689432330741996,54,3.98898404656427
"115",1304,1304,0.322569410182252,0.0515434948583504,15.9790399310425,0.0026567318622128,13,0.290803440986002,0.284908068022048,0.299100966340767,0.299414655511026,1.10923519023208,0.0317659691962503,0.0376613421602035,1.13218769977861,0.0234684438414851,1.07846328324713,0.0231547546712255,1.07733340451123,96,4.56434819146784
"116",1305,1305,0.420731227041036,0.085287634518229,20.2712869967007,0.007273980601715,13,0.394010525667227,0.348080655093568,0.414575017572593,0.384935484236184,1.06781722728996,0.0267207013738094,0.072650571947468,1.20871763737614,0.00615620946844286,1.01484944631852,0.0357957428048516,1.09299153824668,38,3.63758615972639
"117",1306,1306,0.235121895125473,0.0284756640462048,12.111021830191,0.00081086344287232,13,0.283868247927725,0.335953325786651,0.269162961907808,0.315484264444518,0.828278248243308,-0.0487463528022519,-0.100831430661178,0.699864764174975,-0.0340410667823345,0.873529899726716,-0.0803623693190448,0.745272971187513,258,5.55295958492162
"118",1307,1307,0.253590091788775,0.0325231947539384,12.8251046894325,0.0010577581970026,13,0.275914976827603,0.282293760887954,0.276498520748333,0.286464174393292,0.919087809964093,-0.0223248850388278,-0.0287036690991793,0.898319860102852,-0.0229084289595576,0.917148095774412,-0.0328740826045172,0.885241906168051,218,5.38449506278909
"119",1308,1308,0.30186091435874,0.0455986623816647,15.1058518054689,0.00207923801099705,13,0.366349595370241,0.40902276487968,0.373293128031668,0.381804871601796,0.82396955851329,-0.064488681011501,-0.10716185052094,0.738005168117078,-0.0714322136729276,0.808643105621629,-0.0799439572430557,0.790615669968629,113,4.72738781871234
"120",1309,1309,0.395475193726973,0.0256916020817821,6.49638776067431,0.000660058417528628,13,0.394115252648186,0.37580701021436,0.40031450084457,0.378004294365007,1.00345061773085,0.00135994107878656,0.0196681835126127,1.05233586116819,-0.00483930711759722,0.987911237021423,0.0174708993619661,1.04621878540114,415,6.0282785202307
"121",1310,1310,0.301754596926791,0.0450130689275739,14.9171112506679,0.00202617637427852,13,0.361576108458462,0.400167084954371,0.362952226120806,0.38034643762221,0.834553472609922,-0.0598215115316709,-0.0984124880275799,0.7540715073085,-0.061197629194015,0.831389299225166,-0.0785918406954189,0.793367748658967,118,4.77068462446567
"122",1311,1311,0.30995239804059,0.0949615221751861,30.6374536140063,0.00901769069382836,13,0.357454196948339,0.362648336273855,0.369022034948054,0.350958339592354,0.867110809403606,-0.0475017989077488,-0.0526959382332655,0.854691355336946,-0.0590696369074639,0.83992924185197,-0.0410059415517635,0.883160087891364,28,3.3322045101752
"123",1312,1312,0.356515548962815,0.0451515048127507,12.664666364232,0.00203865838685585,13,0.335357020399183,0.299893512617308,0.350105865647093,0.339017145507817,1.06309254697709,0.0211585285636321,0.0566220363455068,1.18880713974551,0.00640968331572167,1.01830784326871,0.0174984034549981,1.05161509878442,138,4.92725368515721
"124",1401,1401,0.250055953651728,0.00954774558369312,3.81824365477457,9.11594457309315e-05,14,0.261188217491689,0.28229674788021,0.264055960976033,0.259917072257804,0.957378384266834,-0.0111322638399613,-0.0322407942284825,0.885791124160724,-0.0140000073243046,0.946980907863029,-0.00986111860607614,0.962060519840362,2500,7.82404601085629
"125",1402,1402,0.335007246031895,0.0295503838234027,8.82081930269332,0.00087322518411042,14,0.378175597565122,0.364813348258416,0.383546174576368,0.371895032287367,0.885851039011598,-0.0431683515332267,-0.0298061022265206,0.918297665453273,-0.0485389285444732,0.873446975196441,-0.0368877862554718,0.900811296056872,288,5.66296048013595
"126",1403,1403,0.309560342248964,0.0168358315594767,5.43862674306531,0.00028344522429907,14,0.334081677754642,0.330990479739623,0.338455415568343,0.330769952133305,0.926600777179743,-0.0245213355056783,-0.0214301374906586,0.935254519986445,-0.0288950733193793,0.914626648030264,-0.021209609884341,0.935878063446969,918,6.82219739062049
"127",1601,1601,0.431525492573377,0.0113795607507074,2.63705411303654,0.000129494402879041,16,0.427713262453662,0.414857498178029,0.417410339517399,0.455280554114888,1.00891305099553,0.00381223011971532,0.0166679943953478,1.04017763802884,0.0141151530559778,1.03381601201421,-0.0237550615415114,0.947823245849598,2268,7.72665366484764
"128",1602,1602,0.48717744683673,0.0230256229732413,4.72633187819918,0.000530179313305856,16,0.510036413098862,0.457394211974293,0.499347174242182,0.487766190535416,0.955181697472841,-0.022858966262132,0.0297832348624372,1.06511502350211,-0.0121697274054523,0.975628724796688,-0.000588743698686056,0.998792979689634,568,6.34212141872115
"129",1603,1603,0.575912572197338,0.0318880692212366,5.53696355326482,0.00101684895865838,16,0.564630067956368,0.524564460851678,0.563573970567683,0.530544047678205,1.01998211728576,0.01128250424097,0.0513481113456596,1.09788713337974,0.0123386016296546,1.02189349095954,0.045368524519133,1.08551320991665,290,5.66988092298052
"130",1604,1604,0.579232944492584,0.033548968547942,5.7919648505717,0.0011255332906308,16,0.553598606042063,0.515563906892928,0.55389996268228,0.540106943087266,1.04630491870959,0.0256343384505205,0.0636690375996559,1.12349397765907,0.0253329818103044,1.04573566260526,0.0391260014053176,1.07244121170091,287,5.65948221575962
"131",1605,1605,0.521572699532297,0.0378235124284351,7.25181982537661,0.00143061809242398,16,0.524443923177391,0.506987577568108,0.522212949890399,0.512634099190482,0.994525203709676,-0.00287122364509429,0.014585121964189,1.02876820381704,-0.00064025035810189,0.998773966907109,0.00893860034181537,1.01743660898862,205,5.32300997913841
"132",1606,1606,0.582259770456715,0.0334064271331354,5.73737510783752,0.00111598937380149,16,0.541646940351025,0.518909487317641,0.538958044808087,0.546916071256152,1.07498026312005,0.0406128301056903,0.0633502831390739,1.12208349372555,0.0433017256486276,1.08034340718311,0.0353436992005629,1.06462362519241,248,5.51342874616498
"133",1607,1607,0.538890642652651,0.0315934906668646,5.86269052870317,0.000998148652517262,16,0.582240921069948,0.50152965067554,0.588687647892093,0.534684533403043,0.925545806128442,-0.0433502784172967,0.0373609919771114,1.07449408410208,-0.0497970052394417,0.915410140814489,0.00420610924960763,1.0078665250009,290,5.66988092298052
"134",1701,1701,0.443208176022578,0.011844435998943,2.6724317464621,0.000140290664133057,17,0.398775021347169,0.375271191063158,0.391535660012947,0.435273945377257,1.11142411710067,0.0444331546754088,0.0679369849594202,1.18103437348055,0.0516725160096312,1.13197397143321,0.00793423064532056,1.01822813134024,2459,7.80751004221619
"135",1702,1702,0.410429387159471,0.0273517145331629,6.66417059520533,0.000748116287903634,17,0.424172087011496,0.388137443247007,0.424431515724477,0.430647848111936,0.967601121637095,-0.013742699852025,0.022291943912464,1.05743311886114,-0.0140021285650064,0.967009686966564,-0.0202184609524648,0.953051057746817,449,6.10702288774225
"136",1703,1703,0.413528346712771,0.0331903333166052,8.02613256876889,0.00110159822566735,17,0.401562933118962,0.360928131337519,0.396680849420541,0.411508650882219,1.02979710677197,0.0119654135938094,0.0526002153752518,1.14573598123351,0.0168474972922302,1.04247116369958,0.00201969583055189,1.00490802763495,284,5.64897423816121
"137",1801,1801,0.268403990518005,0.0126541331727957,4.71458458884084,0.000160127086354849,18,0.274048347449412,0.264902256895236,0.270567214610553,0.278152914221247,0.979403791396886,-0.00564435693140675,0.00350173362276868,1.0132189648507,-0.00216322409254771,0.992004855075803,-0.00974892370324204,0.964951207753705,1400,7.24422751560335
"138",1802,1802,0.461662423256763,0.0349052190338819,7.56076675845646,0.00121837431580327,18,0.421873823415378,0.381712359149313,0.430410513239938,0.405581540650896,1.0943139811787,0.0397885998413854,0.0799500641074499,1.20945107537421,0.0312519100168248,1.07260954148535,0.0560808826058669,1.13827276881454,221,5.39816270151775
"139",1803,1803,0.264000753814626,0.0135676291291055,5.13923878362572,0.000184080560184952,18,0.278419169520054,0.256104302475677,0.274694088429964,0.284064130283101,0.948213279529986,-0.0144184157054285,0.00789645133894862,1.030832950726,-0.0106933346153375,0.961071842949165,-0.0200633764684753,0.92937025717228,1190,7.08170858610557
"140",1901,1901,0.513404373005569,0.0137913491195588,2.68625470383542,0.000190201310537556,19,0.42459617293714,0.351200764651605,0.420962316648793,0.432614339103213,1.20915920992434,0.088808200068429,0.162203608353964,1.46185437128781,0.0924420563567761,1.21959698695287,0.0807900339023563,1.1867483959728,1504,7.31588350450979
"141",1902,1902,0.508892053568125,0.0259385923578462,5.09707160408113,0.000672810573506518,19,0.430065635100111,0.370390410810541,0.430217255732965,0.441006634492399,1.18328927501884,0.0788264184680142,0.138501642757584,1.37393420216926,0.0786747978351595,1.18287225067512,0.067885419075726,1.15393287485088,480,6.17378610390194
"142",1903,1903,0.40519148863761,0.0172578750941066,4.25918993316799,0.000297834252763785,19,0.388649260978956,0.436261191521434,0.39007432755955,0.464359144014131,1.04256338380005,0.0165422276586538,-0.0310697028838238,0.928781877719927,0.0151171610780603,1.03875456550201,-0.0591676553765209,0.872582124979711,1104,7.00669522683704
"143",2001,2001,0.304987324097526,0.0129177547215371,4.23550544592679,0.000166868387045794,20,0.312171732701278,0.277508608119353,0.314293158701177,0.304937873707158,0.976985716991145,-0.00718440860375175,0.0274787159781729,1.09901932831703,-0.00930583460365098,0.970391227597484,4.94503903680776e-05,1.00016216545937,1469,7.29233717617388
"144",2002,2002,0.288769762879692,0.0305035991302925,10.5632940326238,0.00093046955990158,20,0.392024577020031,0.424280525781934,0.385050973693591,0.434062055593623,0.736611375426437,-0.103254814140339,-0.135510762902242,0.680610457780261,-0.0962812108138992,0.749952039101929,-0.145292292713931,0.665272993016564,269,5.59471137960184
"145",2003,2003,0.452095042700896,0.0327780060996961,7.25024674101146,0.00107439768387172,20,0.437270960038257,0.412826920071836,0.45052105009158,0.425926808828819,1.03390136555453,0.0148240826626392,0.0392681226290602,1.09512006296059,0.00157399260931623,1.00349371601837,0.0261682338720768,1.06143833477877,265,5.57972982598622
"146",2004,2004,0.295495315061981,0.0249319157104811,8.43733028567696,0.000621600420994532,20,0.355713014289609,0.334786743288999,0.359339487072051,0.359158870824962,0.830712690262717,-0.0602176992276275,-0.0392914282270175,0.882637443045049,-0.06384417201007,0.822329094611112,-0.0636635557629806,0.822742633039384,378,5.93489419561959
"147",2005,2005,0.264355381103284,0.0245166333785423,9.27411928451103,0.000601065312217855,20,0.341151200764236,0.318640881182812,0.34278073994877,0.348341925913782,0.774892131439324,-0.0767958196609523,-0.0542855000795276,0.829634226851191,-0.0784253588454855,0.771208385695163,-0.083986544810498,0.75889624945323,369,5.91079664404053
"148",2006,2006,0.320211078273481,0.0211391405266051,6.60162685207001,0.000446863262203558,20,0.324956371335301,0.276860021856205,0.32914292445181,0.311046438617716,0.985397137953256,-0.00474529306181981,0.0433510564172763,1.15658113485157,-0.00893184617832865,0.972863320111758,0.00916463965576514,1.02946389515499,558,6.32435896238131
"149",2007,2007,0.304550323820071,0.0310966386103044,10.2106733035938,0.000967000932859876,20,0.326336802278635,0.296220019836392,0.334327589224568,0.31835749383282,0.93323928436376,-0.0217864784585638,0.0083303039836794,1.0281220154812,-0.0297772654044967,0.910933867367747,-0.0138071700127489,0.956629982707429,260,5.56068163101553
"150",2008,2008,0.27176120217301,0.0386615041826231,14.2262780240464,0.00149471190566298,20,0.362255253579454,0.348491995082864,0.355489637937471,0.35398216865527,0.750192576885305,-0.0904940514064436,-0.0767307929098541,0.779820500922527,-0.0837284357644605,0.764470108748463,-0.0822209664822605,0.767725682921808,151,5.01727983681492
"151",2101,2101,0.582742185826935,0.0233010275598846,3.99851394434737,0.000542937885346503,21,0.557004884584309,0.396895028309157,0.55068973353951,0.528017704946308,1.04620659881975,0.0257373012426264,0.185847157517778,1.46825267202142,0.0320524522874248,1.05820419436805,0.0547244808806272,1.10364137484025,514,6.24222326545517
"152",2102,2102,0.62874919560204,0.0357399459386399,5.68429290862444,0.00127734373569691,21,0.614404300235414,0.453706030611163,0.612538611578748,0.565857995823687,1.02334764805704,0.0143448953666255,0.175043164990877,1.38580744618952,0.016210584023292,1.02646459132023,0.0628911997783526,1.11114307872739,212,5.35658627467201
"153",2103,2103,0.654569447185307,0.0391645021722312,5.98324629122871,0.0015338582303987,21,0.610192192043772,0.452888931254641,0.603804783660567,0.559098911179707,1.07272668467438,0.0443772551415351,0.201680515930666,1.44532003767888,0.0507646635247404,1.08407462957975,0.0954705360056,1.17075786430017,175,5.16478597392351
"154",2104,2104,0.615097175187863,0.047080938976503,7.65422779939179,0.0022166148149092,21,0.630180681578356,0.419301197784517,0.629853906429915,0.56754499569527,0.976064790890265,-0.0150835063904931,0.195795977403346,1.46695782992723,-0.0147567312420525,0.976571184061245,0.0475521794925935,1.08378574360318,146,4.98360662170834
"155",2105,2105,0.630331543253875,0.0565766860505036,8.97570281164186,0.00320092140445725,21,0.59019297039807,0.384604534402074,0.591612699636246,0.545826628456006,1.06800923573985,0.0401385728558055,0.245727008851801,1.63890824697067,0.0387188436176288,1.0654462685494,0.0845049147978693,1.15482006628535,88,4.47733681447821
"156",2106,2106,0.671335838702281,0.0533592128464906,7.94821455527178,0.00284720559559708,21,0.607591590406969,0.452211804526558,0.604579354746716,0.564202500363293,1.10491298645627,0.063744248295312,0.219124034175723,1.4845606239871,0.0667564839555645,1.11041806742397,0.107133338338988,1.18988455079516,83,4.4188406077966
"157",2107,2107,0.673672969068757,0.0460173569476925,6.83081540458777,0.00211759714045134,21,0.626308609055717,0.445548525330871,0.626028218381576,0.567852100681359,1.07562463508916,0.04736436001304,0.228124443737886,1.51200807716394,0.0476447506871811,1.0761063947091,0.105820868387398,1.1863528694539,118,4.77068462446567
"158",2108,2108,0.555006969266802,0.0468326091823588,8.43820200027894,0.00219329328282756,21,0.595218117389482,0.407568791925216,0.589960368300784,0.551205502839298,0.932443003752912,-0.0402111481226801,0.147438177341586,1.36175040940975,-0.0349533990339815,0.940752971026418,0.00380146642750401,1.00689664092235,136,4.91265488573605
"159",2109,2109,0.188307769011301,0.171302426295493,90.9693886741405,0.0293445212547229,21,0.594834422406783,0.440985375214925,0.561441095674927,0.565606772219563,0.316571741509816,-0.406526653395482,-0.252677606203624,0.42701590482343,-0.373133326663626,0.335400757910195,-0.377299003208262,0.33293054160639,5,1.6094379124341
"160",2110,2110,0.73685600657581,0.0481467573909058,6.53407951638273,0.00231811024725874,21,0.680032581393877,0.406442885956107,0.704855154124078,0.608389908274852,1.08355985689018,0.056823425181933,0.330413120619703,1.81293862443292,0.0320008524517325,1.04540060786177,0.128466098300958,1.21115751026383,109,4.69134788222914
"161",2111,2111,0.619884006978879,0.0227454891608938,3.66931375948029,0.000517357277168336,21,0.555070467763301,0.330354208872756,0.557108203688502,0.573398373122435,1.1167663260428,0.0648135392155779,0.289529798106123,1.87642230772256,0.0627758032903775,1.11268152734918,0.0464856338564442,1.08107039718879,561,6.3297209055227
"162",2112,2112,0.437544056607354,0.0523371375169454,11.9615697497434,0.00273917596346765,21,0.506641524132986,0.425547130590908,0.486293088448291,0.504644891700165,0.863616651548888,-0.0690974675256317,0.0119969260164461,1.02819176808874,-0.0487490318409365,0.899753804857705,-0.067100835092811,0.867033559248472,109,4.69134788222914
"163",2113,2113,0.66377239011343,0.0605272106972898,9.11866953172705,0.00366354323479411,21,0.608367358605337,0.42455550481224,0.610030482522215,0.559614058955795,1.09107167030642,0.0554050315080931,0.23921688530119,1.56345255823967,0.0537419075912147,1.08809708552434,0.104158331157635,1.18612529383552,69,4.23410650459726
"164",2201,2201,0.271073370264773,0.0204669744154516,7.55034491047954,0.000418897041722752,22,0.314753909750755,0.332082092272458,0.31295701448068,0.318620024347175,0.861223202848945,-0.0436805394859819,-0.0610087220076854,0.816284215778698,-0.0418836442159068,0.866168060538894,-0.0475466540824019,0.850773176670798,545,6.30078579466324
"165",2202,2202,0.39694174332383,0.0309631978239152,7.80043881619552,0.000958719619482908,22,0.378655402863323,0.386490742520844,0.378534784633661,0.383430021907744,1.04829282857772,0.0182863404605071,0.0104510008029858,1.02704075325277,0.0184069586901689,1.04862686188267,0.0135117214160858,1.03523908052077,296,5.69035945432406
"166",2203,2203,0.553361475364969,0.0605243513368658,10.9375795083941,0.00366319710474837,22,0.453195640963672,0.410105780573749,0.465346049939012,0.448539731672427,1.2210211779361,0.100165834401297,0.14325569479122,1.34931401013368,0.0880154254259572,1.18913972824631,0.104821743692542,1.23369555981519,76,4.33073334028633
"167",2204,2204,0.394915088162696,0.050789421914714,12.8608461507528,0.00257956537843083,22,0.364719610465667,0.398637009263074,0.356981812156766,0.374203729440467,1.08279093536669,0.030195477697029,-0.00372192110037844,0.990663382942645,0.0379332760059302,1.10626108870015,0.0207113587222292,1.05534781482055,110,4.70048036579242
"168",2205,2205,0.357727885069608,0.0249131167347456,6.9642646756201,0.00062066338543906,22,0.35563673390012,0.420029315276181,0.350929928365231,0.371843213573968,1.00588002017271,0.00209115116948833,-0.0623014302065732,0.851673614339018,0.00679795670437694,1.01937126518688,-0.0141153285043604,0.962039569396222,426,6.05443934626937
"169",2206,2206,0.43250323160441,0.0331911339132787,7.67419327484634,0.0011016513704492,22,0.381036928448107,0.366741791971681,0.385695185302527,0.393318625535162,1.13506906893753,0.0514663031563032,0.0657614396327287,1.17931264195221,0.0468080463018828,1.12136020382305,0.0391846060692477,1.09962560510815,248,5.51342874616498
"170",2207,2207,0.449386863862041,0.0383007122036766,8.52288201629203,0.00146694455530887,22,0.397824941693602,0.408531682923499,0.403585382784365,0.407705056748098,1.12960957638536,0.0515619221684386,0.0408551809385416,1.10000492653636,0.0458014810776762,1.11348647159044,0.0416818071139431,1.10223519778342,194,5.26785815906333
"171",2208,2208,0.322650177600585,0.0214823381559584,6.65808967337741,0.000461490852646948,22,0.35107815419376,0.347259588177428,0.351588911214087,0.360619140329723,0.919026643345387,-0.0284279765931747,-0.0246094105768426,0.929132523867797,-0.0289387336135019,0.917691563384146,-0.0379689627291381,0.89471173744571,552,6.31354804627709
"172",2209,2209,0.34089800983049,0.0173485710719733,5.0890795990859,0.00030097291823931,22,0.314486209289037,0.365227636697128,0.313968604278629,0.339803858433757,1.08398397055681,0.0264118005414531,-0.0243296268666382,0.933385033272238,0.0269294055518608,1.08577101399592,0.00109415139673308,1.00321994989043,900,6.80239476332431
"173",2210,2210,0.43302285387889,0.0318662588505859,7.35902471778047,0.00101545845313255,22,0.381560377286489,0.363459607298332,0.386497579837255,0.382000066899464,1.13487374385774,0.0514624765924011,0.0695632465805576,1.19139195988692,0.0465252740416345,1.12037662450881,0.0510227869794262,1.13356748179014,294,5.68357976733868
"174",2301,2301,0.250035589281499,0.00877559133240475,3.50973689690425,7.70110032333773e-05,23,0.335053694382937,0.287572732390007,0.325672738930758,0.320626644027386,0.746255282282397,-0.0850181051014384,-0.0375371431085078,0.869469045981732,-0.0756371496492593,0.767751056175013,-0.0705910547458866,0.779834096570411,2817,7.94342776787637
"175",2302,2302,0.581416308871858,0.0801964092965112,13.7932851336969,0.00643146406405355,23,0.508294209952575,0.397212976011424,0.522518073075253,0.48306870596692,1.1438578238499,0.0731220989192826,0.184203332860434,1.46373946468238,0.0588982357966055,1.11271999731983,0.0983476029049384,1.20358926523316,45,3.80666248977032
"176",2303,2303,0.270653361755357,0.0458819185736496,16.9522810565058,0.00210515045199901,23,0.292201649712134,0.322801435601756,0.281948935848095,0.308634837742719,0.926255419919753,-0.0215482879567768,-0.0521480738463988,0.83845154297661,-0.0112955740927379,0.959937518264571,-0.0379814759873625,0.876937171885229,108,4.68213122712422
"177",2304,2304,0.491734423044211,0.0739809196198859,15.0448933718912,0.00547317646780401,23,0.496149433924808,0.380225444258229,0.501612590859633,0.450608976334901,0.991101449324103,-0.00441501088059743,0.111508978785982,1.29327069103311,-0.00987816781542172,0.980307177300926,0.0411254467093097,1.09126637255167,50,3.91202300542815
"178",2401,2401,0.351665060157986,0.0102791042636769,2.92298139003602,0.00010565998446354,24,0.355786890791053,0.279395837223525,0.354842441842801,0.317947056155665,0.988414888969343,-0.00412183063306659,0.0722692229344611,1.25866248993769,-0.00317738168481524,0.991045654887521,0.0337180040023212,1.10604911525211,2519,7.83161727635261
"179",2402,2402,0.375877178986402,0.0282138313923224,7.50613045154918,0.000796020281834395,24,0.384181204288591,0.314657459277494,0.38389732872292,0.352704727735005,0.978385133865238,-0.00830402530218949,0.0612197197089084,1.19455988696241,-0.00802014973651793,0.979108607597771,0.0231724512513974,1.06569929300411,344,5.8406416573734
"180",2403,2403,0.389239726763655,0.018194236034634,4.67430089572575,0.000331030224883974,24,0.3993270648235,0.296039733328744,0.39567684418778,0.377539395269674,0.974739157576752,-0.0100873380598445,0.0931999934349113,1.31482258272208,-0.00643711742412506,0.983731376959047,0.0117003314939809,1.03099102144194,837,6.72982407048948
"181",2501,2501,0.45843419477621,0.00949871675319124,2.0719913264385,9.0225619957356e-05,25,0.469512999922821,0.440495098332104,0.471171809521545,0.456020590983266,0.976403624290633,-0.0110788051466109,0.0179390964441057,1.04072484918,-0.012737614745335,0.972966093285017,0.00241360379294447,1.00529275177627,3294,8.09985791073758
"182",2502,2502,0.545049267717637,0.0344044867863917,6.31217925132869,0.001183668711035,25,0.552567999857362,0.451652199497125,0.544389416687621,0.524818714483084,0.986393109731895,-0.00751873213972543,0.0933970682205115,1.20678980048033,0.000659851030015868,1.00121209378762,0.020230553234553,1.03854769785502,245,5.50125821054473
"183",2503,2503,0.464477288424405,0.0241135022334329,5.19153526649936,0.000581460989961775,25,0.474819541800546,0.468034222708766,0.470687586170389,0.455593998100914,0.978218559967178,-0.0103422533761408,-0.00355693428436055,0.99240026880134,-0.00621029774598386,0.986805902835653,0.00888329032349106,1.0194982602065,520,6.25382881157547
"184",2504,2504,0.604004629329478,0.0782312945533894,12.9521018142255,0.00612013544749917,25,0.533524933571538,0.523815408477696,0.531013831527842,0.533443762700685,1.13210197185375,0.0704796957579398,0.0801892208517815,1.15308679270208,0.0729907978016355,1.13745554911748,0.0705608666287934,1.13227423687843,40,3.68887945411394
